[{"title":"Calculadora","price":234.56,"thumbnail":"https://cdn1.iconfinder.com/data/icons/icons-for-a-site-1/64/advantage_calculator-256.png","id":1},{"title":"Cuaderno","price":"89","thumbnail":"https://cdn2.iconfinder.com/data/icons/flat-seo-web-ikooni/128/flat_seo2-04-256.png","id":2},{"title":"Lapiz","price":"19","thumbnail":"https://cdn2.iconfinder.com/data/icons/basic-flat-icon-set/128/pencil-256.png","id":3},{"title":"Goma","price":"5","thumbnail":"https://cdn1.iconfinder.com/data/icons/office-icons-17/512/ilustracoes_04-08-256.png","id":4},{"title":"Sacapuntas","price":7,"thumbnail":"https://cdn2.iconfinder.com/data/icons/back-to-school-144/512/sharpener_pencil_school_office_stationery_tool-256.png","id":5},{"title":"Regla","price":14,"thumbnail":"https://cdn0.iconfinder.com/data/icons/graphic-design-tools-1/32/Ruler-Measurement-Scale-Measure-256.png","id":6},{"title":"Mochila","price":"189","thumbnail":"https://cdn2.iconfinder.com/data/icons/flat-pack-1/64/Hiking_Backpack-256.png","id":7}]