[{"timestamp":1648322820550,"id":1,"products":[]},{"timestamp":1648322925849,"id":2,"products":[]},{"timestamp":1648322926554,"id":3,"products":[{"id":1,"timestamp":1648319850314,"title":"Product 1","price":10,"description":"Calculadora","code":"XP-1","image":"https://cdn1.iconfinder.com/data/icons/icons-for-a-site-1/64/advantage_calculator-256.png","stock":100},{"id":2,"timestamp":1648319850314,"title":"Product 2","price":20,"description":"Cuaderno","code":"XP-2","image":"https://cdn2.iconfinder.com/data/icons/flat-seo-web-ikooni/128/flat_seo2-04-256.png","stock":200}]},{"timestamp":1648322927170,"id":4,"products":[]},{"timestamp":1648322927639,"id":5,"products":[]},{"timestamp":1656010559301,"id":6,"products":[{"id":4,"timestamp":1648319850314,"title":"Product 4","price":40,"description":"Goma","code":"XP-4","image":"https://cdn1.iconfinder.com/data/icons/office-icons-17/512/ilustracoes_04-08-256.png","stock":400}]},{"timestamp":1656010595347,"id":7,"products":[{"id":3,"timestamp":1648319850314,"title":"Product 3","price":30,"description":"Lapiz","code":"XP-3","image":"https://cdn2.iconfinder.com/data/icons/basic-flat-icon-set/128/pencil-256.png","stock":300}]},{"products":[],"timestamp":1656013463907,"id":8}]