[
    {
        "id": 1,
        "timestamp": 1648319850314,
        "title": "Product 1",
        "price": 10,
        "description":"Calculadora",
        "code": "XP-1",
        "image": "https://cdn1.iconfinder.com/data/icons/icons-for-a-site-1/64/advantage_calculator-256.png",
        "stock": 100
    },
    {
        "id": 2,
        "timestamp": 1648319850314,
        "title": "Product 2",
        "price": 20,
        "description":"Cuaderno",
        "code": "XP-2",
        "image": "https://cdn2.iconfinder.com/data/icons/flat-seo-web-ikooni/128/flat_seo2-04-256.png",
        "stock": 200
    },
    {
        "id": 3,
        "timestamp": 1648319850314,
        "title": "Product 31",
        "price": 30,
        "description":"Lapiz",
        "code": "XP-3",
        "image": "https://cdn2.iconfinder.com/data/icons/basic-flat-icon-set/128/pencil-256.png",
        "stock": 300
    },
    {
        "id": 4,
        "timestamp": 1648319850314,
        "title": "Product 4",
        "price": 40,
        "description":"Goma",
        "code": "XP-4",
        "image": "https://cdn1.iconfinder.com/data/icons/office-icons-17/512/ilustracoes_04-08-256.png",
        "stock": 400
    },
    {
        "id": 5,
        "timestamp": 1648319850318,
        "title": "Product 5",
        "price": 60,
        "description":"Sacapuntas",
        "code": "XP-5",
        "image": "https://cdn2.iconfinder.com/data/icons/back-to-school-144/512/sharpener_pencil_school_office_stationery_tool-256.png",
        "stock": 400
    },
    {
        "id": 6,
        "timestamp": 1648319850319,
        "title": "Product 6",
        "price": 45,
        "description":"Regla",
        "code": "XP-6",
        "image": "https://cdn0.iconfinder.com/data/icons/graphic-design-tools-1/32/Ruler-Measurement-Scale-Measure-256.png",
        "stock": 400
    }
]